id,name,text,trans
3:title:1,,佐伯遙子 3話 好きな人の一番に,
15:text:1,,――数週間後　撮影最終日,
27:text:1,佐伯遙子,貴方に好きな人がいることはずっと知っていました,
28:text:1,佐伯遙子,だって、一番近くで貴方を見ていたのは私なんだから,
32:text:1,{user},（あの日以降、撮影は順調に進んだようで一度も）,
33:text:1,{user},（俺が現場に呼び出されることはなかった）,
39:text:1,{user},（遙子さんにお願いされた通り俺が現場について行くのは）,
40:text:1,{user},（今日が初めてだ。いよいよラストシーンが始まるな）,
51:text:1,佐伯遙子,それでも、この気持ちは……伝えさせて下さい,
52:text:1,佐伯遙子,私は貴方のことを心の底から愛しています,
60:text:1,佐伯遙子,一生懸けても貴方の一番にはなれなかったけれど,
61:text:1,佐伯遙子,貴方への恋心は私の人生の宝物です。ありがとう,
77:text:1,佐伯遙子,……ふぅ。どうでしたか、監督。想定以上で問題なし？,
78:text:1,佐伯遙子,やった……嬉しいです。ありがとうございます,
85:text:1,{user},撮影お疲れ様です。遙子さんの演技は,
86:text:1,{user},スタッフの方々にも好評だったみたいですね,
96:text:1,佐伯遙子,あの時、{user}君が私を『お出かけ』に,
97:text:1,佐伯遙子,誘ってくれたおかげよ。ありがとう,
106:text:1,佐伯遙子,今回の役を通じて、片思いも悪いことばかりじゃないな,
107:text:1,佐伯遙子,って思ったの。私も、恋がしてみたくなっちゃった,
113:text:1,{user},あはは……スキャンダルはちょっと困りますけど……,
114:text:1,{user},でも、お役に立てたなら何よりです,
116:text:1,{user},この後はポスター撮影でしたよね,
117:text:1,{user},撮影直後でお疲れだと思いますが、頑張って下さい,
132:text:1,佐伯遙子,もちろん……って、スタッフさん、どうしたんですか？,
133:text:1,佐伯遙子,えぇ！？　相手役の俳優さんが体調不良！？,
144:text:1,佐伯遙子,それって撮影は……今日中に済ませないと放映日に,
145:text:1,佐伯遙子,間に合わないって言ってましたよね！？,
152:text:1,{user},それなら代役を探した方がいいかもしれません,
153:text:1,{user},背格好が似ている俳優を探すとか……,
163:text:1,佐伯遙子,代役……か……。ねえ、{user}君,
164:text:1,佐伯遙子,ちょっとそこに真っ直ぐ立ってみてくれない？,
171:text:1,{user},え？　こうですか？,
184:text:1,佐伯遙子,ふむ……身長は同じぐらいだし、背格好も……,
185:text:1,佐伯遙子,監督さん！　ウチのマネージャーはどうですか？,
202:text:1,佐伯遙子,顔さえ隠せばギリギリオッケー？,
203:text:1,佐伯遙子,後はレタッチでなんとかなる？,
204:text:1,佐伯遙子,ということなので君の出番よ！,
209:text:1,{user},どういうことですか！？　俺が俳優さんの代役を,
210:text:1,{user},するなんて無理に決まってるじゃないですか！,
223:text:1,佐伯遙子,私の隣でポーズを取るだけだから大丈夫よ！,
224:text:1,佐伯遙子,もう時間もないし、こっち来て！,
245:text:1,佐伯遙子,君はそこに立って、私に身を任せてちょうだい,
246:text:1,佐伯遙子,ほら、シャッター切られるわよ。そのまま動かないで,
259:text:1,佐伯遙子,ありがとうございます。いい感じの写真？,
260:text:1,佐伯遙子,私も見ていいですか？　……いいですね！,
269:text:1,{user},流れるように話が進んでいくなぁ,
270:text:1,{user},後で変に炎上しなければいいけど……,
280:text:1,佐伯遙子,ちょっと編集は入れるかもしれないけど,
281:text:1,佐伯遙子,大体オッケーみたいよ！　お疲れ様！,
298:text:1,佐伯遙子,これでクランクアップね,
299:text:1,佐伯遙子,……監督にスタッフのみな様、撮影初日は,
300:text:1,佐伯遙子,私のせいで、大変ご迷惑をお掛けし、すみませ……,
313:text:1,佐伯遙子,ええ～！？　あのシーンを後日に回したのは私の演技が,
314:text:1,佐伯遙子,原因じゃなくて撮影スケジュール的な問題だった……？,
324:text:1,佐伯遙子,そうだったんですね……てっきり私が役に入り込めて,
325:text:1,佐伯遙子,なかったからかと……はあ、なんだか安心しました,
332:text:1,{user},良かったですね、遙子さん。はい、ここで解散という,
333:text:1,{user},ことで……この度は本当にお世話になりました,
346:text:1,{user},お待たせしてすみません！　緊急対応のメールを,
347:text:1,{user},全て返し終わったので、そろそろ俺達も帰りましょうか,
365:text:1,佐伯遙子,ええ、そうね。スタッフさんも全員撤収したみたいだし,
366:text:1,佐伯遙子,それにして君はほんと、いつも忙しそ……きゃっ！？,
372:text:1,{user},わわ、遙子さん！？　大丈夫ですか！？,
380:text:1,佐伯遙子,ご、ごめんなさい。つまづいちゃって……,
381:text:1,佐伯遙子,{user}君の背中って、やっぱり大きいね,
384:text:1,{user},あの、それよりも怪我とかしてないですか！？,
386:text:1,佐伯遙子,うん、平気よ。でもちょっとヒールが高くて足が,
387:text:1,佐伯遙子,疲れちゃったから、君の背中を貸してもらうわね,
389:text:1,佐伯遙子,（もう少しだけ、このままでいてもいいよね）,
390:text:1,佐伯遙子,（今だけは、この背中を私に独り占めさせてほしいな）,
398:text:1,{user},どうですか？,
399:text:1,{user},もう少し休んでいきます？,
408:text:1,佐伯遙子,ううん。もう十分休めたから、大丈夫よ,
409:text:1,佐伯遙子,心配してくれてありがとう,
415:text:1,{user},もし、足が痛むようだったらすぐに言って下さいね,
416:text:1,{user},車まで背負って行きますから,
426:text:1,佐伯遙子,ふふっ、頼もしいわね。それじゃあ～……,
427:text:1,佐伯遙子,足は痛まないけど、遙子、お願いしちゃおうかしら？,
433:text:1,{user},ダメです。元気なら自分で歩いて下さい,
434:text:1,{user},それにしても、ウエディング姿とてもお似合いです,
436:text:1,{user},ドラマが放送されたら、次のお嫁さんランキングも,
437:text:1,{user},一位間違いなしですね！　そろそろ殿堂入りかもですが,
449:text:1,佐伯遙子,そうね。でも……お嫁さんランキングの一位じゃなくて,
450:text:1,佐伯遙子,いつかは私も、好きな人の一番になれたらなぁ、なんて,
info,adv_card_hrk_15_03.txt,12bf12c7755b93d3c7ecc888514a60ea9ee28c71c1a681654069ddb405918511,
译者,,,
